"","month","agencyname","audience_count","audience_threat"
"1",2017-08-01,"ACER",30,"no"
"2",2017-09-01,"ACER",38,"no"
"3",2017-10-01,"ACER",139,"no"
"4",2017-11-01,"ACER",155,"no"
"5",2017-12-01,"ACER",79,"no"
"6",2018-01-01,"ACER",128,"no"
"7",2018-02-01,"ACER",101,"no"
"8",2018-03-01,"ACER",105,"no"
"9",2018-04-01,"ACER",124,"no"
"10",2018-05-01,"ACER",172,"no"
"11",2018-06-01,"ACER",87,"no"
"12",2018-07-01,"ACER",134,"no"
"13",2018-08-01,"ACER",24,"no"
"14",2018-09-01,"ACER",105,"no"
"15",2018-10-01,"ACER",250,"no"
"16",2018-11-01,"ACER",80,"no"
"17",2018-12-01,"ACER",162,"no"
"18",2019-01-01,"ACER",136,"no"
"19",2019-02-01,"ACER",114,"no"
"20",2019-03-01,"ACER",87,"no"
"21",2019-04-01,"ACER",59,"no"
"22",2019-05-01,"ACER",168,"no"
"23",2019-06-01,"ACER",83,"no"
"24",2019-07-01,"ACER",100,"no"
"25",2019-08-01,"ACER",99,"no"
"26",2019-09-01,"ACER",172,"no"
"27",2019-10-01,"ACER",196,"no"
"28",2019-11-01,"ACER",266,"no"
"29",2019-12-01,"ACER",88,"no"
"30",2020-01-01,"ACER",239,"no"
"31",2020-02-01,"ACER",97,"no"
"32",2020-03-01,"ACER",32,"no"
"33",2020-04-01,"ACER",169,"no"
"34",2020-05-01,"ACER",84,"no"
"35",2020-06-01,"ACER",189,"no"
"36",2020-07-01,"ACER",297,"no"
"37",2020-08-01,"ACER",99,"no"
"38",2020-09-01,"ACER",272,"no"
"39",2020-10-01,"ACER",354,"no"
"40",2020-11-01,"ACER",110,"no"
"41",2020-12-01,"ACER",176,"no"
"42",2021-01-01,"ACER",160,"no"
"43",2021-02-01,"ACER",199,"no"
"44",2021-03-01,"ACER",283,"no"
"45",2021-04-01,"ACER",71,"no"
"46",2021-05-01,"ACER",206,"no"
"47",2021-06-01,"ACER",249,"no"
"48",2015-07-01,"BEREC OFFICE",89,"no"
"49",2015-08-01,"BEREC OFFICE",77,"no"
"50",2015-09-01,"BEREC OFFICE",98,"no"
"51",2015-10-01,"BEREC OFFICE",409,"no"
"52",2015-11-01,"BEREC OFFICE",159,"no"
"53",2015-12-01,"BEREC OFFICE",232,"no"
"54",2016-01-01,"BEREC OFFICE",89,"no"
"55",2016-02-01,"BEREC OFFICE",168,"no"
"56",2016-03-01,"BEREC OFFICE",180,"no"
"57",2016-04-01,"BEREC OFFICE",85,"no"
"58",2016-05-01,"BEREC OFFICE",269,"no"
"59",2016-06-01,"BEREC OFFICE",759,"yes"
"60",2016-07-01,"BEREC OFFICE",6573,"yes"
"61",2016-08-01,"BEREC OFFICE",1046,"yes"
"62",2016-09-01,"BEREC OFFICE",270,"yes"
"63",2016-10-01,"BEREC OFFICE",402,"no"
"64",2016-11-01,"BEREC OFFICE",115,"no"
"65",2016-12-01,"BEREC OFFICE",190,"no"
"66",2017-01-01,"BEREC OFFICE",147,"no"
"67",2017-02-01,"BEREC OFFICE",189,"no"
"68",2017-03-01,"BEREC OFFICE",257,"no"
"69",2017-04-01,"BEREC OFFICE",107,"no"
"70",2017-05-01,"BEREC OFFICE",131,"no"
"71",2017-06-01,"BEREC OFFICE",293,"no"
"72",2017-07-01,"BEREC OFFICE",114,"no"
"73",2017-08-01,"BEREC OFFICE",32,"no"
"74",2017-09-01,"BEREC OFFICE",106,"no"
"75",2017-10-01,"BEREC OFFICE",469,"no"
"76",2017-11-01,"BEREC OFFICE",213,"no"
"77",2017-12-01,"BEREC OFFICE",449,"yes"
"78",2018-01-01,"BEREC OFFICE",129,"no"
"79",2018-02-01,"BEREC OFFICE",119,"no"
"80",2018-03-01,"BEREC OFFICE",278,"no"
"81",2018-04-01,"BEREC OFFICE",234,"no"
"82",2018-05-01,"BEREC OFFICE",82,"no"
"83",2018-06-01,"BEREC OFFICE",300,"no"
"84",2018-07-01,"BEREC OFFICE",135,"no"
"85",2018-08-01,"BEREC OFFICE",51,"no"
"86",2018-09-01,"BEREC OFFICE",47,"no"
"87",2018-10-01,"BEREC OFFICE",370,"no"
"88",2018-11-01,"BEREC OFFICE",160,"no"
"89",2018-12-01,"BEREC OFFICE",243,"no"
"90",2019-01-01,"BEREC OFFICE",97,"no"
"91",2019-02-01,"BEREC OFFICE",71,"no"
"92",2019-03-01,"BEREC OFFICE",128,"no"
"93",2019-04-01,"BEREC OFFICE",164,"no"
"94",2019-05-01,"BEREC OFFICE",344,"no"
"95",2019-06-01,"BEREC OFFICE",310,"no"
"96",2019-07-01,"BEREC OFFICE",45,"no"
"97",2019-08-01,"BEREC OFFICE",58,"no"
"98",2019-09-01,"BEREC OFFICE",65,"no"
"99",2019-10-01,"BEREC OFFICE",333,"no"
"100",2019-11-01,"BEREC OFFICE",104,"no"
"101",2019-12-01,"BEREC OFFICE",175,"no"
"102",2020-01-01,"BEREC OFFICE",93,"no"
"103",2020-02-01,"BEREC OFFICE",75,"no"
"104",2020-03-01,"BEREC OFFICE",258,"no"
"105",2020-04-01,"BEREC OFFICE",251,"no"
"106",2020-05-01,"BEREC OFFICE",238,"no"
"107",2020-06-01,"BEREC OFFICE",180,"no"
"108",2020-07-01,"BEREC OFFICE",119,"no"
"109",2020-08-01,"BEREC OFFICE",50,"no"
"110",2020-09-01,"BEREC OFFICE",162,"no"
"111",2020-10-01,"BEREC OFFICE",147,"no"
"112",2020-11-01,"BEREC OFFICE",97,"no"
"113",2020-12-01,"BEREC OFFICE",126,"no"
"114",2021-01-01,"BEREC OFFICE",43,"no"
"115",2021-02-01,"BEREC OFFICE",53,"no"
"116",2021-03-01,"BEREC OFFICE",168,"no"
"117",2021-04-01,"BEREC OFFICE",180,"no"
"118",2021-05-01,"BEREC OFFICE",294,"no"
"119",2021-06-01,"BEREC OFFICE",219,"no"
"120",2015-07-01,"CEDEFOP",351,"no"
"121",2015-08-01,"CEDEFOP",208,"no"
"122",2015-09-01,"CEDEFOP",363,"no"
"123",2015-10-01,"CEDEFOP",697,"no"
"124",2015-11-01,"CEDEFOP",1388,"no"
"125",2015-12-01,"CEDEFOP",886,"no"
"126",2016-01-01,"CEDEFOP",593,"no"
"127",2016-02-01,"CEDEFOP",435,"no"
"128",2016-03-01,"CEDEFOP",374,"no"
"129",2016-04-01,"CEDEFOP",473,"no"
"130",2016-05-01,"CEDEFOP",460,"no"
"131",2016-06-01,"CEDEFOP",850,"no"
"132",2016-07-01,"CEDEFOP",258,"no"
"133",2016-08-01,"CEDEFOP",347,"no"
"134",2016-09-01,"CEDEFOP",670,"no"
"135",2016-10-01,"CEDEFOP",965,"no"
"136",2016-11-01,"CEDEFOP",1524,"no"
"137",2016-12-01,"CEDEFOP",805,"no"
"138",2017-01-01,"CEDEFOP",375,"no"
"139",2017-02-01,"CEDEFOP",597,"no"
"140",2017-03-01,"CEDEFOP",353,"no"
"141",2017-04-01,"CEDEFOP",443,"no"
"142",2017-05-01,"CEDEFOP",1094,"no"
"143",2017-06-01,"CEDEFOP",1052,"no"
"144",2017-07-01,"CEDEFOP",373,"no"
"145",2017-08-01,"CEDEFOP",325,"no"
"146",2017-09-01,"CEDEFOP",831,"no"
"147",2017-10-01,"CEDEFOP",640,"no"
"148",2017-11-01,"CEDEFOP",1537,"no"
"149",2017-12-01,"CEDEFOP",468,"no"
"150",2018-01-01,"CEDEFOP",430,"no"
"151",2018-02-01,"CEDEFOP",1024,"no"
"152",2018-03-01,"CEDEFOP",1393,"yes"
"153",2018-04-01,"CEDEFOP",664,"no"
"154",2018-05-01,"CEDEFOP",849,"no"
"155",2018-06-01,"CEDEFOP",2043,"yes"
"156",2018-07-01,"CEDEFOP",930,"no"
"157",2018-08-01,"CEDEFOP",392,"no"
"158",2018-09-01,"CEDEFOP",860,"no"
"159",2018-10-01,"CEDEFOP",1061,"no"
"160",2018-11-01,"CEDEFOP",1753,"no"
"161",2018-12-01,"CEDEFOP",769,"no"
"162",2019-01-01,"CEDEFOP",638,"no"
"163",2019-02-01,"CEDEFOP",477,"no"
"164",2019-03-01,"CEDEFOP",834,"no"
"165",2019-04-01,"CEDEFOP",1264,"no"
"166",2019-05-01,"CEDEFOP",1236,"no"
"167",2019-06-01,"CEDEFOP",943,"no"
"168",2019-07-01,"CEDEFOP",786,"no"
"169",2019-08-01,"CEDEFOP",399,"no"
"170",2019-09-01,"CEDEFOP",1136,"no"
"171",2019-10-01,"CEDEFOP",2166,"yes"
"172",2019-11-01,"CEDEFOP",1025,"no"
"173",2019-12-01,"CEDEFOP",699,"no"
"174",2020-01-01,"CEDEFOP",942,"no"
"175",2020-02-01,"CEDEFOP",884,"no"
"176",2020-03-01,"CEDEFOP",745,"no"
"177",2020-04-01,"CEDEFOP",998,"no"
"178",2020-05-01,"CEDEFOP",1048,"no"
"179",2020-06-01,"CEDEFOP",1325,"no"
"180",2020-07-01,"CEDEFOP",1020,"no"
"181",2020-08-01,"CEDEFOP",517,"no"
"182",2020-09-01,"CEDEFOP",670,"no"
"183",2020-10-01,"CEDEFOP",908,"no"
"184",2020-11-01,"CEDEFOP",1291,"no"
"185",2020-12-01,"CEDEFOP",979,"no"
"186",2021-01-01,"CEDEFOP",582,"no"
"187",2021-02-01,"CEDEFOP",918,"no"
"188",2021-03-01,"CEDEFOP",885,"no"
"189",2021-04-01,"CEDEFOP",1154,"no"
"190",2021-05-01,"CEDEFOP",749,"no"
"191",2021-06-01,"CEDEFOP",552,"no"
"192",2015-07-01,"CPVO",18,"no"
"193",2015-08-01,"CPVO",12,"no"
"194",2015-09-01,"CPVO",19,"no"
"195",2015-10-01,"CPVO",68,"no"
"196",2015-11-01,"CPVO",22,"no"
"197",2015-12-01,"CPVO",47,"no"
"198",2016-01-01,"CPVO",55,"no"
"199",2016-02-01,"CPVO",47,"no"
"200",2016-03-01,"CPVO",18,"no"
"201",2016-04-01,"CPVO",25,"no"
"202",2016-05-01,"CPVO",49,"no"
"203",2016-06-01,"CPVO",30,"no"
"204",2016-07-01,"CPVO",14,"no"
"205",2016-08-01,"CPVO",7,"no"
"206",2016-09-01,"CPVO",31,"no"
"207",2016-10-01,"CPVO",13,"no"
"208",2016-11-01,"CPVO",28,"no"
"209",2016-12-01,"CPVO",21,"no"
"210",2017-01-01,"CPVO",34,"no"
"211",2017-02-01,"CPVO",32,"no"
"212",2017-03-01,"CPVO",19,"no"
"213",2017-04-01,"CPVO",14,"no"
"214",2017-05-01,"CPVO",29,"no"
"215",2017-06-01,"CPVO",25,"no"
"216",2017-07-01,"CPVO",5,"no"
"217",2017-08-01,"CPVO",16,"no"
"218",2017-09-01,"CPVO",61,"no"
"219",2017-10-01,"CPVO",45,"no"
"220",2017-11-01,"CPVO",17,"no"
"221",2017-12-01,"CPVO",17,"no"
"222",2018-01-01,"CPVO",52,"no"
"223",2018-02-01,"CPVO",38,"no"
"224",2018-03-01,"CPVO",22,"no"
"225",2018-04-01,"CPVO",17,"no"
"226",2018-05-01,"CPVO",21,"no"
"227",2018-06-01,"CPVO",22,"no"
"228",2018-07-01,"CPVO",19,"no"
"229",2018-08-01,"CPVO",40,"no"
"230",2018-09-01,"CPVO",32,"no"
"231",2018-10-01,"CPVO",58,"no"
"232",2018-11-01,"CPVO",40,"no"
"233",2018-12-01,"CPVO",10,"no"
"234",2019-01-01,"CPVO",34,"no"
"235",2019-02-01,"CPVO",30,"no"
"236",2019-03-01,"CPVO",12,"no"
"237",2019-04-01,"CPVO",31,"no"
"238",2019-05-01,"CPVO",56,"no"
"239",2019-06-01,"CPVO",61,"no"
"240",2019-07-01,"CPVO",103,"yes"
"241",2019-08-01,"CPVO",37,"no"
"242",2019-09-01,"CPVO",82,"no"
"243",2019-10-01,"CPVO",81,"no"
"244",2019-11-01,"CPVO",65,"no"
"245",2019-12-01,"CPVO",70,"no"
"246",2020-01-01,"CPVO",87,"no"
"247",2020-02-01,"CPVO",71,"no"
"248",2020-03-01,"CPVO",67,"no"
"249",2020-04-01,"CPVO",64,"no"
"250",2020-05-01,"CPVO",54,"no"
"251",2020-06-01,"CPVO",62,"no"
"252",2020-07-01,"CPVO",72,"no"
"253",2020-08-01,"CPVO",65,"no"
"254",2020-09-01,"CPVO",57,"no"
"255",2020-10-01,"CPVO",80,"no"
"256",2020-11-01,"CPVO",69,"no"
"257",2020-12-01,"CPVO",36,"no"
"258",2021-01-01,"CPVO",35,"no"
"259",2021-02-01,"CPVO",46,"no"
"260",2021-03-01,"CPVO",69,"no"
"261",2021-04-01,"CPVO",38,"no"
"262",2021-05-01,"CPVO",65,"no"
"263",2021-06-01,"CPVO",48,"no"
"264",2015-07-01,"EASA",419,"no"
"265",2015-08-01,"EASA",257,"no"
"266",2015-09-01,"EASA",407,"no"
"267",2015-10-01,"EASA",503,"no"
"268",2015-11-01,"EASA",681,"no"
"269",2015-12-01,"EASA",439,"no"
"270",2016-01-01,"EASA",325,"no"
"271",2016-02-01,"EASA",305,"no"
"272",2016-03-01,"EASA",289,"no"
"273",2016-04-01,"EASA",301,"no"
"274",2016-05-01,"EASA",1715,"yes"
"275",2016-06-01,"EASA",856,"no"
"276",2016-07-01,"EASA",459,"no"
"277",2016-08-01,"EASA",318,"no"
"278",2016-09-01,"EASA",598,"no"
"279",2016-10-01,"EASA",906,"no"
"280",2016-11-01,"EASA",550,"no"
"281",2016-12-01,"EASA",625,"no"
"282",2017-01-01,"EASA",305,"no"
"283",2017-02-01,"EASA",386,"no"
"284",2017-03-01,"EASA",943,"no"
"285",2017-04-01,"EASA",564,"no"
"286",2017-05-01,"EASA",607,"no"
"287",2017-06-01,"EASA",602,"no"
"288",2017-07-01,"EASA",547,"no"
"289",2017-08-01,"EASA",451,"no"
"290",2017-09-01,"EASA",303,"no"
"291",2017-10-01,"EASA",383,"no"
"292",2017-11-01,"EASA",1741,"yes"
"293",2017-12-01,"EASA",766,"no"
"294",2018-01-01,"EASA",447,"no"
"295",2018-02-01,"EASA",844,"no"
"296",2018-03-01,"EASA",1990,"yes"
"297",2018-04-01,"EASA",1470,"yes"
"298",2018-05-01,"EASA",758,"no"
"299",2018-06-01,"EASA",880,"no"
"300",2018-07-01,"EASA",742,"no"
"301",2018-08-01,"EASA",410,"no"
"302",2018-09-01,"EASA",1559,"no"
"303",2018-10-01,"EASA",1071,"no"
"304",2018-11-01,"EASA",848,"no"
"305",2018-12-01,"EASA",919,"no"
"306",2019-01-01,"EASA",1046,"no"
"307",2019-02-01,"EASA",722,"no"
"308",2019-03-01,"EASA",2897,"yes"
"309",2019-04-01,"EASA",1175,"no"
"310",2019-05-01,"EASA",734,"no"
"311",2019-06-01,"EASA",851,"no"
"312",2019-07-01,"EASA",663,"no"
"313",2019-08-01,"EASA",23747,"yes"
"314",2019-09-01,"EASA",777,"no"
"315",2019-10-01,"EASA",719,"no"
"316",2019-11-01,"EASA",1289,"no"
"317",2019-12-01,"EASA",963,"no"
"318",2020-01-01,"EASA",947,"no"
"319",2020-02-01,"EASA",1072,"no"
"320",2020-03-01,"EASA",2524,"yes"
"321",2020-04-01,"EASA",731,"no"
"322",2020-05-01,"EASA",1721,"no"
"323",2020-06-01,"EASA",2942,"yes"
"324",2020-07-01,"EASA",1669,"yes"
"325",2020-08-01,"EASA",764,"no"
"326",2020-09-01,"EASA",939,"no"
"327",2020-10-01,"EASA",981,"no"
"328",2020-11-01,"EASA",1601,"no"
"329",2020-12-01,"EASA",1455,"no"
"330",2021-01-01,"EASA",1280,"no"
"331",2021-02-01,"EASA",764,"no"
"332",2021-03-01,"EASA",1120,"no"
"333",2021-04-01,"EASA",853,"no"
"334",2021-05-01,"EASA",1385,"no"
"335",2021-06-01,"EASA",1496,"no"
"336",2015-07-01,"EBA",240,"no"
"337",2015-08-01,"EBA",54,"no"
"338",2015-09-01,"EBA",110,"no"
"339",2015-10-01,"EBA",138,"no"
"340",2015-11-01,"EBA",143,"no"
"341",2015-12-01,"EBA",172,"no"
"342",2016-01-01,"EBA",75,"no"
"343",2016-02-01,"EBA",257,"no"
"344",2016-03-01,"EBA",115,"no"
"345",2016-04-01,"EBA",89,"no"
"346",2016-05-01,"EBA",106,"no"
"347",2016-06-01,"EBA",83,"no"
"348",2016-07-01,"EBA",416,"no"
"349",2016-08-01,"EBA",144,"no"
"350",2016-09-01,"EBA",212,"no"
"351",2016-10-01,"EBA",149,"no"
"352",2016-11-01,"EBA",207,"no"
"353",2016-12-01,"EBA",160,"no"
"354",2017-01-01,"EBA",156,"no"
"355",2017-02-01,"EBA",379,"no"
"356",2017-03-01,"EBA",168,"no"
"357",2017-04-01,"EBA",173,"no"
"358",2017-05-01,"EBA",154,"no"
"359",2017-06-01,"EBA",416,"no"
"360",2017-07-01,"EBA",303,"no"
"361",2017-08-01,"EBA",476,"yes"
"362",2017-09-01,"EBA",226,"no"
"363",2017-10-01,"EBA",200,"no"
"364",2017-11-01,"EBA",949,"yes"
"365",2017-12-01,"EBA",311,"no"
"366",2018-01-01,"EBA",202,"no"
"367",2018-02-01,"EBA",2162,"yes"
"368",2018-03-01,"EBA",598,"no"
"369",2018-04-01,"EBA",162,"no"
"370",2018-05-01,"EBA",175,"no"
"371",2018-06-01,"EBA",450,"no"
"372",2018-07-01,"EBA",362,"no"
"373",2018-08-01,"EBA",85,"no"
"374",2018-09-01,"EBA",286,"no"
"375",2018-10-01,"EBA",372,"no"
"376",2018-11-01,"EBA",812,"no"
"377",2018-12-01,"EBA",406,"no"
"378",2019-01-01,"EBA",375,"no"
"379",2019-02-01,"EBA",770,"no"
"380",2019-03-01,"EBA",837,"no"
"381",2019-04-01,"EBA",428,"no"
"382",2019-05-01,"EBA",192,"no"
"383",2019-06-01,"EBA",886,"no"
"384",2019-07-01,"EBA",603,"no"
"385",2019-08-01,"EBA",229,"no"
"386",2019-09-01,"EBA",637,"no"
"387",2019-10-01,"EBA",542,"no"
"388",2019-11-01,"EBA",690,"no"
"389",2019-12-01,"EBA",638,"no"
"390",2020-01-01,"EBA",705,"no"
"391",2020-02-01,"EBA",552,"no"
"392",2020-03-01,"EBA",1180,"no"
"393",2020-04-01,"EBA",460,"no"
"394",2020-05-01,"EBA",773,"no"
"395",2020-06-01,"EBA",641,"no"
"396",2020-07-01,"EBA",583,"no"
"397",2020-08-01,"EBA",280,"no"
"398",2020-09-01,"EBA",692,"no"
"399",2020-10-01,"EBA",428,"no"
"400",2020-11-01,"EBA",466,"no"
"401",2020-12-01,"EBA",608,"no"
"402",2021-01-01,"EBA",500,"no"
"403",2021-02-01,"EBA",429,"no"
"404",2021-03-01,"EBA",569,"no"
"405",2021-04-01,"EBA",205,"no"
"406",2021-05-01,"EBA",308,"no"
"407",2021-06-01,"EBA",510,"no"
"408",2015-07-01,"ECDC",1835,"no"
"409",2015-08-01,"ECDC",487,"no"
"410",2015-09-01,"ECDC",1087,"no"
"411",2015-10-01,"ECDC",544,"no"
"412",2015-11-01,"ECDC",1326,"no"
"413",2015-12-01,"ECDC",507,"no"
"414",2016-01-01,"ECDC",532,"no"
"415",2016-02-01,"ECDC",973,"no"
"416",2016-03-01,"ECDC",591,"no"
"417",2016-04-01,"ECDC",867,"no"
"418",2016-05-01,"ECDC",499,"no"
"419",2016-06-01,"ECDC",770,"no"
"420",2016-07-01,"ECDC",613,"no"
"421",2016-08-01,"ECDC",1003,"no"
"422",2016-09-01,"ECDC",808,"no"
"423",2016-10-01,"ECDC",646,"no"
"424",2016-11-01,"ECDC",1719,"no"
"425",2016-12-01,"ECDC",684,"no"
"426",2017-01-01,"ECDC",690,"no"
"427",2017-02-01,"ECDC",752,"no"
"428",2017-03-01,"ECDC",785,"no"
"429",2017-04-01,"ECDC",710,"no"
"430",2017-05-01,"ECDC",965,"no"
"431",2017-06-01,"ECDC",705,"no"
"432",2017-07-01,"ECDC",844,"no"
"433",2017-08-01,"ECDC",545,"no"
"434",2017-09-01,"ECDC",721,"no"
"435",2017-10-01,"ECDC",1185,"no"
"436",2017-11-01,"ECDC",2409,"no"
"437",2017-12-01,"ECDC",1934,"no"
"438",2018-01-01,"ECDC",1419,"no"
"439",2018-02-01,"ECDC",1807,"no"
"440",2018-03-01,"ECDC",1934,"no"
"441",2018-04-01,"ECDC",2298,"no"
"442",2018-05-01,"ECDC",3878,"no"
"443",2018-06-01,"ECDC",1695,"no"
"444",2018-07-01,"ECDC",1783,"no"
"445",2018-08-01,"ECDC",1335,"no"
"446",2018-09-01,"ECDC",924,"no"
"447",2018-10-01,"ECDC",1241,"no"
"448",2018-11-01,"ECDC",2916,"no"
"449",2018-12-01,"ECDC",1086,"no"
"450",2019-01-01,"ECDC",1382,"no"
"451",2019-02-01,"ECDC",1354,"no"
"452",2019-03-01,"ECDC",1574,"no"
"453",2019-04-01,"ECDC",1511,"no"
"454",2019-05-01,"ECDC",1212,"no"
"455",2019-06-01,"ECDC",1066,"no"
"456",2019-07-01,"ECDC",808,"no"
"457",2019-08-01,"ECDC",769,"no"
"458",2019-09-01,"ECDC",1083,"no"
"459",2019-10-01,"ECDC",777,"no"
"460",2019-11-01,"ECDC",2053,"no"
"461",2019-12-01,"ECDC",735,"no"
"462",2020-01-01,"ECDC",2486,"no"
"463",2020-02-01,"ECDC",8384,"yes"
"464",2020-03-01,"ECDC",28053,"yes"
"465",2020-04-01,"ECDC",19048,"yes"
"466",2020-05-01,"ECDC",7913,"yes"
"467",2020-06-01,"ECDC",6128,"no"
"468",2020-07-01,"ECDC",4516,"no"
"469",2020-08-01,"ECDC",7810,"yes"
"470",2020-09-01,"ECDC",8443,"yes"
"471",2020-10-01,"ECDC",9747,"yes"
"472",2020-11-01,"ECDC",8625,"yes"
"473",2020-12-01,"ECDC",9404,"yes"
"474",2021-01-01,"ECDC",9048,"yes"
"475",2021-02-01,"ECDC",10387,"yes"
"476",2021-03-01,"ECDC",6958,"yes"
"477",2021-04-01,"ECDC",6188,"no"
"478",2021-05-01,"ECDC",7818,"yes"
"479",2021-06-01,"ECDC",9956,"yes"
"480",2015-07-01,"ECHA",263,"no"
"481",2015-08-01,"ECHA",311,"no"
"482",2015-09-01,"ECHA",483,"no"
"483",2015-10-01,"ECHA",360,"no"
"484",2015-11-01,"ECHA",296,"no"
"485",2015-12-01,"ECHA",321,"no"
"486",2016-01-01,"ECHA",336,"no"
"487",2016-02-01,"ECHA",336,"no"
"488",2016-03-01,"ECHA",356,"no"
"489",2016-04-01,"ECHA",489,"no"
"490",2016-05-01,"ECHA",399,"no"
"491",2016-06-01,"ECHA",554,"no"
"492",2016-07-01,"ECHA",643,"no"
"493",2016-08-01,"ECHA",264,"no"
"494",2016-09-01,"ECHA",404,"no"
"495",2016-10-01,"ECHA",745,"no"
"496",2016-11-01,"ECHA",670,"no"
"497",2016-12-01,"ECHA",638,"no"
"498",2017-01-01,"ECHA",732,"no"
"499",2017-02-01,"ECHA",737,"no"
"500",2017-03-01,"ECHA",3039,"yes"
"501",2017-04-01,"ECHA",950,"no"
"502",2017-05-01,"ECHA",952,"no"
"503",2017-06-01,"ECHA",1259,"no"
"504",2017-07-01,"ECHA",843,"no"
"505",2017-08-01,"ECHA",672,"no"
"506",2017-09-01,"ECHA",1014,"no"
"507",2017-10-01,"ECHA",1813,"yes"
"508",2017-11-01,"ECHA",1432,"no"
"509",2017-12-01,"ECHA",1854,"yes"
"510",2018-01-01,"ECHA",947,"no"
"511",2018-02-01,"ECHA",1074,"no"
"512",2018-03-01,"ECHA",1238,"no"
"513",2018-04-01,"ECHA",1401,"no"
"514",2018-05-01,"ECHA",885,"no"
"515",2018-06-01,"ECHA",1389,"no"
"516",2018-07-01,"ECHA",807,"no"
"517",2018-08-01,"ECHA",887,"no"
"518",2018-09-01,"ECHA",1146,"no"
"519",2018-10-01,"ECHA",950,"no"
"520",2018-11-01,"ECHA",1158,"no"
"521",2018-12-01,"ECHA",605,"no"
"522",2019-01-01,"ECHA",1694,"no"
"523",2019-02-01,"ECHA",1511,"no"
"524",2019-03-01,"ECHA",1203,"no"
"525",2019-04-01,"ECHA",686,"no"
"526",2019-05-01,"ECHA",1369,"no"
"527",2019-06-01,"ECHA",841,"no"
"528",2019-07-01,"ECHA",984,"no"
"529",2019-08-01,"ECHA",728,"no"
"530",2019-09-01,"ECHA",1159,"no"
"531",2019-10-01,"ECHA",1054,"no"
"532",2019-11-01,"ECHA",1318,"no"
"533",2019-12-01,"ECHA",739,"no"
"534",2020-01-01,"ECHA",1079,"no"
"535",2020-02-01,"ECHA",1199,"no"
"536",2020-03-01,"ECHA",928,"no"
"537",2020-04-01,"ECHA",1106,"no"
"538",2020-05-01,"ECHA",957,"no"
"539",2020-06-01,"ECHA",988,"no"
"540",2020-07-01,"ECHA",1430,"no"
"541",2020-08-01,"ECHA",1441,"no"
"542",2020-09-01,"ECHA",1589,"no"
"543",2020-10-01,"ECHA",1023,"no"
"544",2020-11-01,"ECHA",1088,"no"
"545",2020-12-01,"ECHA",1126,"no"
"546",2021-01-01,"ECHA",833,"no"
"547",2021-02-01,"ECHA",1453,"no"
"548",2021-03-01,"ECHA",723,"no"
"549",2021-04-01,"ECHA",1292,"no"
"550",2021-05-01,"ECHA",951,"no"
"551",2021-06-01,"ECHA",981,"no"
"552",2015-07-01,"EEA",1874,"no"
"553",2015-08-01,"EEA",1286,"no"
"554",2015-09-01,"EEA",1508,"no"
"555",2015-10-01,"EEA",1625,"no"
"556",2015-11-01,"EEA",1356,"no"
"557",2015-12-01,"EEA",1190,"no"
"558",2016-01-01,"EEA",1037,"no"
"559",2016-02-01,"EEA",1082,"no"
"560",2016-03-01,"EEA",754,"no"
"561",2016-04-01,"EEA",1110,"no"
"562",2016-05-01,"EEA",1016,"no"
"563",2016-06-01,"EEA",1847,"no"
"564",2016-07-01,"EEA",1528,"no"
"565",2016-08-01,"EEA",718,"no"
"566",2016-09-01,"EEA",995,"no"
"567",2016-10-01,"EEA",965,"no"
"568",2016-11-01,"EEA",1551,"no"
"569",2016-12-01,"EEA",1304,"no"
"570",2017-01-01,"EEA",2193,"yes"
"571",2017-02-01,"EEA",824,"no"
"572",2017-03-01,"EEA",821,"no"
"573",2017-04-01,"EEA",1048,"no"
"574",2017-05-01,"EEA",738,"no"
"575",2017-06-01,"EEA",1508,"no"
"576",2017-07-01,"EEA",1286,"no"
"577",2017-08-01,"EEA",553,"no"
"578",2017-09-01,"EEA",686,"no"
"579",2017-10-01,"EEA",2198,"no"
"580",2017-11-01,"EEA",2270,"no"
"581",2017-12-01,"EEA",1019,"no"
"582",2018-01-01,"EEA",1216,"no"
"583",2018-02-01,"EEA",1477,"no"
"584",2018-03-01,"EEA",1959,"no"
"585",2018-04-01,"EEA",1673,"no"
"586",2018-05-01,"EEA",1529,"no"
"587",2018-06-01,"EEA",1857,"no"
"588",2018-07-01,"EEA",2601,"no"
"589",2018-08-01,"EEA",2684,"yes"
"590",2018-09-01,"EEA",2402,"no"
"591",2018-10-01,"EEA",2353,"no"
"592",2018-11-01,"EEA",2752,"no"
"593",2018-12-01,"EEA",1594,"no"
"594",2019-01-01,"EEA",1578,"no"
"595",2019-02-01,"EEA",1966,"no"
"596",2019-03-01,"EEA",1568,"no"
"597",2019-04-01,"EEA",1472,"no"
"598",2019-05-01,"EEA",1782,"no"
"599",2019-06-01,"EEA",2562,"no"
"600",2019-07-01,"EEA",1703,"no"
"601",2019-08-01,"EEA",1499,"no"
"602",2019-09-01,"EEA",2547,"no"
"603",2019-10-01,"EEA",2979,"no"
"604",2019-11-01,"EEA",2887,"no"
"605",2019-12-01,"EEA",4943,"yes"
"606",2020-01-01,"EEA",2358,"no"
"607",2020-02-01,"EEA",3616,"yes"
"608",2020-03-01,"EEA",1850,"no"
"609",2020-04-01,"EEA",1496,"no"
"610",2020-05-01,"EEA",1456,"no"
"611",2020-06-01,"EEA",2375,"no"
"612",2020-07-01,"EEA",1505,"no"
"613",2020-08-01,"EEA",1228,"no"
"614",2020-09-01,"EEA",3358,"no"
"615",2020-10-01,"EEA",4182,"yes"
"616",2020-11-01,"EEA",3187,"no"
"617",2020-12-01,"EEA",1595,"no"
"618",2021-01-01,"EEA",7768,"yes"
"619",2021-02-01,"EEA",1863,"no"
"620",2021-03-01,"EEA",2047,"no"
"621",2021-04-01,"EEA",1935,"no"
"622",2021-05-01,"EEA",1863,"no"
"623",2021-06-01,"EEA",2603,"no"
"624",2015-07-01,"EFCA",14,"no"
"625",2015-08-01,"EFCA",4,"no"
"626",2015-09-01,"EFCA",5,"no"
"627",2015-10-01,"EFCA",113,"no"
"628",2015-11-01,"EFCA",164,"no"
"629",2015-12-01,"EFCA",44,"no"
"630",2016-01-01,"EFCA",34,"no"
"631",2016-02-01,"EFCA",32,"no"
"632",2016-03-01,"EFCA",29,"no"
"633",2016-04-01,"EFCA",35,"no"
"634",2016-05-01,"EFCA",68,"no"
"635",2016-06-01,"EFCA",67,"no"
"636",2016-07-01,"EFCA",46,"no"
"637",2016-08-01,"EFCA",76,"no"
"638",2016-09-01,"EFCA",30,"no"
"639",2016-10-01,"EFCA",12,"no"
"640",2016-11-01,"EFCA",28,"no"
"641",2016-12-01,"EFCA",13,"no"
"642",2017-01-01,"EFCA",30,"no"
"643",2017-02-01,"EFCA",56,"no"
"644",2017-03-01,"EFCA",57,"no"
"645",2017-04-01,"EFCA",71,"no"
"646",2017-05-01,"EFCA",116,"no"
"647",2017-06-01,"EFCA",115,"no"
"648",2017-07-01,"EFCA",10,"no"
"649",2017-08-01,"EFCA",23,"no"
"650",2017-09-01,"EFCA",163,"yes"
"651",2017-10-01,"EFCA",54,"no"
"652",2017-11-01,"EFCA",121,"no"
"653",2017-12-01,"EFCA",45,"no"
"654",2018-01-01,"EFCA",123,"no"
"655",2018-02-01,"EFCA",188,"no"
"656",2018-03-01,"EFCA",194,"yes"
"657",2018-04-01,"EFCA",232,"yes"
"658",2018-05-01,"EFCA",188,"no"
"659",2018-06-01,"EFCA",254,"yes"
"660",2018-07-01,"EFCA",112,"no"
"661",2018-08-01,"EFCA",70,"no"
"662",2018-09-01,"EFCA",62,"no"
"663",2018-10-01,"EFCA",351,"yes"
"664",2018-11-01,"EFCA",222,"no"
"665",2018-12-01,"EFCA",147,"no"
"666",2019-01-01,"EFCA",144,"no"
"667",2019-02-01,"EFCA",192,"no"
"668",2019-03-01,"EFCA",138,"no"
"669",2019-04-01,"EFCA",187,"no"
"670",2019-05-01,"EFCA",223,"no"
"671",2019-06-01,"EFCA",139,"no"
"672",2019-07-01,"EFCA",83,"no"
"673",2019-08-01,"EFCA",24,"no"
"674",2019-09-01,"EFCA",74,"no"
"675",2019-10-01,"EFCA",140,"no"
"676",2019-11-01,"EFCA",173,"no"
"677",2019-12-01,"EFCA",141,"no"
"678",2020-01-01,"EFCA",119,"no"
"679",2020-02-01,"EFCA",298,"yes"
"680",2020-03-01,"EFCA",108,"no"
"681",2020-04-01,"EFCA",150,"no"
"682",2020-05-01,"EFCA",112,"no"
"683",2020-06-01,"EFCA",148,"no"
"684",2020-07-01,"EFCA",136,"no"
"685",2020-08-01,"EFCA",66,"no"
"686",2020-09-01,"EFCA",77,"no"
"687",2020-10-01,"EFCA",132,"no"
"688",2020-11-01,"EFCA",88,"no"
"689",2020-12-01,"EFCA",150,"no"
"690",2021-01-01,"EFCA",46,"no"
"691",2021-02-01,"EFCA",110,"no"
"692",2021-03-01,"EFCA",154,"no"
"693",2021-04-01,"EFCA",184,"no"
"694",2021-05-01,"EFCA",131,"no"
"695",2021-06-01,"EFCA",222,"no"
"696",2015-07-01,"EFSA",739,"no"
"697",2015-08-01,"EFSA",738,"no"
"698",2015-09-01,"EFSA",685,"no"
"699",2015-10-01,"EFSA",984,"no"
"700",2015-11-01,"EFSA",1732,"no"
"701",2015-12-01,"EFSA",703,"no"
"702",2016-01-01,"EFSA",865,"no"
"703",2016-02-01,"EFSA",1544,"no"
"704",2016-03-01,"EFSA",1254,"no"
"705",2016-04-01,"EFSA",1099,"no"
"706",2016-05-01,"EFSA",902,"no"
"707",2016-06-01,"EFSA",1041,"no"
"708",2016-07-01,"EFSA",498,"no"
"709",2016-08-01,"EFSA",700,"no"
"710",2016-09-01,"EFSA",865,"no"
"711",2016-10-01,"EFSA",1220,"no"
"712",2016-11-01,"EFSA",1051,"no"
"713",2016-12-01,"EFSA",972,"no"
"714",2017-01-01,"EFSA",1294,"no"
"715",2017-02-01,"EFSA",1166,"no"
"716",2017-03-01,"EFSA",1721,"no"
"717",2017-04-01,"EFSA",1206,"no"
"718",2017-05-01,"EFSA",1710,"no"
"719",2017-06-01,"EFSA",1658,"no"
"720",2017-07-01,"EFSA",1827,"no"
"721",2017-08-01,"EFSA",1105,"no"
"722",2017-09-01,"EFSA",1608,"no"
"723",2017-10-01,"EFSA",2906,"yes"
"724",2017-11-01,"EFSA",2564,"no"
"725",2017-12-01,"EFSA",1729,"no"
"726",2018-01-01,"EFSA",1517,"no"
"727",2018-02-01,"EFSA",2904,"yes"
"728",2018-03-01,"EFSA",2905,"yes"
"729",2018-04-01,"EFSA",1921,"no"
"730",2018-05-01,"EFSA",1854,"no"
"731",2018-06-01,"EFSA",2113,"no"
"732",2018-07-01,"EFSA",2139,"no"
"733",2018-08-01,"EFSA",1426,"no"
"734",2018-09-01,"EFSA",2762,"no"
"735",2018-10-01,"EFSA",1909,"no"
"736",2018-11-01,"EFSA",1878,"no"
"737",2018-12-01,"EFSA",1464,"no"
"738",2019-01-01,"EFSA",1934,"no"
"739",2019-02-01,"EFSA",1890,"no"
"740",2019-03-01,"EFSA",2304,"no"
"741",2019-04-01,"EFSA",1833,"no"
"742",2019-05-01,"EFSA",3100,"no"
"743",2019-06-01,"EFSA",2997,"no"
"744",2019-07-01,"EFSA",1421,"no"
"745",2019-08-01,"EFSA",982,"no"
"746",2019-09-01,"EFSA",2836,"no"
"747",2019-10-01,"EFSA",1989,"no"
"748",2019-11-01,"EFSA",1864,"no"
"749",2019-12-01,"EFSA",1463,"no"
"750",2020-01-01,"EFSA",1653,"no"
"751",2020-02-01,"EFSA",1437,"no"
"752",2020-03-01,"EFSA",2001,"no"
"753",2020-04-01,"EFSA",1403,"no"
"754",2020-05-01,"EFSA",4499,"yes"
"755",2020-06-01,"EFSA",1883,"no"
"756",2020-07-01,"EFSA",1363,"no"
"757",2020-08-01,"EFSA",884,"no"
"758",2020-09-01,"EFSA",1485,"no"
"759",2020-10-01,"EFSA",1442,"no"
"760",2020-11-01,"EFSA",1954,"no"
"761",2020-12-01,"EFSA",1349,"no"
"762",2021-01-01,"EFSA",1799,"no"
"763",2021-02-01,"EFSA",2134,"no"
"764",2021-03-01,"EFSA",1637,"no"
"765",2021-04-01,"EFSA",1572,"no"
"766",2021-05-01,"EFSA",2224,"no"
"767",2021-06-01,"EFSA",2407,"no"
"768",2015-07-01,"EIGE",217,"no"
"769",2015-08-01,"EIGE",111,"no"
"770",2015-09-01,"EIGE",141,"no"
"771",2015-10-01,"EIGE",182,"no"
"772",2015-11-01,"EIGE",522,"no"
"773",2015-12-01,"EIGE",356,"no"
"774",2016-01-01,"EIGE",285,"no"
"775",2016-02-01,"EIGE",380,"no"
"776",2016-03-01,"EIGE",471,"no"
"777",2016-04-01,"EIGE",359,"no"
"778",2016-05-01,"EIGE",294,"no"
"779",2016-06-01,"EIGE",396,"no"
"780",2016-07-01,"EIGE",213,"no"
"781",2016-08-01,"EIGE",297,"no"
"782",2016-09-01,"EIGE",391,"no"
"783",2016-10-01,"EIGE",427,"no"
"784",2016-11-01,"EIGE",384,"no"
"785",2016-12-01,"EIGE",264,"no"
"786",2017-01-01,"EIGE",349,"no"
"787",2017-02-01,"EIGE",357,"no"
"788",2017-03-01,"EIGE",489,"no"
"789",2017-04-01,"EIGE",299,"no"
"790",2017-05-01,"EIGE",278,"no"
"791",2017-06-01,"EIGE",254,"no"
"792",2017-07-01,"EIGE",334,"no"
"793",2017-08-01,"EIGE",280,"no"
"794",2017-09-01,"EIGE",324,"no"
"795",2017-10-01,"EIGE",2234,"yes"
"796",2017-11-01,"EIGE",773,"no"
"797",2017-12-01,"EIGE",354,"no"
"798",2018-01-01,"EIGE",354,"no"
"799",2018-02-01,"EIGE",747,"no"
"800",2018-03-01,"EIGE",854,"no"
"801",2018-04-01,"EIGE",518,"no"
"802",2018-05-01,"EIGE",654,"no"
"803",2018-06-01,"EIGE",970,"no"
"804",2018-07-01,"EIGE",679,"no"
"805",2018-08-01,"EIGE",501,"no"
"806",2018-09-01,"EIGE",423,"no"
"807",2018-10-01,"EIGE",1077,"no"
"808",2018-11-01,"EIGE",753,"no"
"809",2018-12-01,"EIGE",258,"no"
"810",2019-01-01,"EIGE",547,"no"
"811",2019-02-01,"EIGE",727,"no"
"812",2019-03-01,"EIGE",711,"no"
"813",2019-04-01,"EIGE",369,"no"
"814",2019-05-01,"EIGE",609,"no"
"815",2019-06-01,"EIGE",377,"no"
"816",2019-07-01,"EIGE",390,"no"
"817",2019-08-01,"EIGE",485,"no"
"818",2019-09-01,"EIGE",681,"no"
"819",2019-10-01,"EIGE",2112,"no"
"820",2019-11-01,"EIGE",1485,"no"
"821",2019-12-01,"EIGE",490,"no"
"822",2020-01-01,"EIGE",813,"no"
"823",2020-02-01,"EIGE",654,"no"
"824",2020-03-01,"EIGE",1132,"no"
"825",2020-04-01,"EIGE",939,"no"
"826",2020-05-01,"EIGE",1144,"no"
"827",2020-06-01,"EIGE",2653,"yes"
"828",2020-07-01,"EIGE",1059,"no"
"829",2020-08-01,"EIGE",897,"no"
"830",2020-09-01,"EIGE",747,"no"
"831",2020-10-01,"EIGE",1738,"no"
"832",2020-11-01,"EIGE",1385,"no"
"833",2020-12-01,"EIGE",958,"no"
"834",2021-01-01,"EIGE",1451,"no"
"835",2021-02-01,"EIGE",1714,"no"
"836",2021-03-01,"EIGE",12425,"yes"
"837",2021-04-01,"EIGE",830,"no"
"838",2021-05-01,"EIGE",1056,"no"
"839",2021-06-01,"EIGE",1715,"no"
"840",2015-07-01,"EIOPA",152,"no"
"841",2015-08-01,"EIOPA",41,"no"
"842",2015-09-01,"EIOPA",120,"no"
"843",2015-10-01,"EIOPA",97,"no"
"844",2015-11-01,"EIOPA",133,"no"
"845",2015-12-01,"EIOPA",132,"no"
"846",2016-01-01,"EIOPA",167,"no"
"847",2016-02-01,"EIOPA",122,"no"
"848",2016-03-01,"EIOPA",132,"no"
"849",2016-04-01,"EIOPA",192,"no"
"850",2016-05-01,"EIOPA",159,"no"
"851",2016-06-01,"EIOPA",131,"no"
"852",2016-07-01,"EIOPA",124,"no"
"853",2016-08-01,"EIOPA",50,"no"
"854",2016-09-01,"EIOPA",242,"yes"
"855",2016-10-01,"EIOPA",158,"no"
"856",2016-11-01,"EIOPA",47,"no"
"857",2016-12-01,"EIOPA",217,"no"
"858",2017-01-01,"EIOPA",102,"no"
"859",2017-02-01,"EIOPA",174,"no"
"860",2017-03-01,"EIOPA",115,"no"
"861",2017-04-01,"EIOPA",150,"no"
"862",2017-05-01,"EIOPA",115,"no"
"863",2017-06-01,"EIOPA",257,"yes"
"864",2017-07-01,"EIOPA",130,"no"
"865",2017-08-01,"EIOPA",43,"no"
"866",2017-09-01,"EIOPA",101,"no"
"867",2017-10-01,"EIOPA",160,"no"
"868",2017-11-01,"EIOPA",370,"yes"
"869",2017-12-01,"EIOPA",197,"no"
"870",2018-01-01,"EIOPA",130,"no"
"871",2018-02-01,"EIOPA",141,"no"
"872",2018-03-01,"EIOPA",226,"no"
"873",2018-04-01,"EIOPA",140,"no"
"874",2018-05-01,"EIOPA",111,"no"
"875",2018-06-01,"EIOPA",332,"yes"
"876",2018-07-01,"EIOPA",167,"no"
"877",2018-08-01,"EIOPA",57,"no"
"878",2018-09-01,"EIOPA",192,"no"
"879",2018-10-01,"EIOPA",220,"no"
"880",2018-11-01,"EIOPA",498,"yes"
"881",2018-12-01,"EIOPA",176,"no"
"882",2019-01-01,"EIOPA",145,"no"
"883",2019-02-01,"EIOPA",187,"no"
"884",2019-03-01,"EIOPA",130,"no"
"885",2019-04-01,"EIOPA",156,"no"
"886",2019-05-01,"EIOPA",196,"no"
"887",2019-06-01,"EIOPA",137,"no"
"888",2019-07-01,"EIOPA",159,"no"
"889",2019-08-01,"EIOPA",30,"no"
"890",2019-09-01,"EIOPA",142,"no"
"891",2019-10-01,"EIOPA",168,"no"
"892",2019-11-01,"EIOPA",235,"yes"
"893",2019-12-01,"EIOPA",179,"no"
"894",2020-01-01,"EIOPA",152,"no"
"895",2020-02-01,"EIOPA",140,"no"
"896",2020-03-01,"EIOPA",188,"no"
"897",2020-04-01,"EIOPA",218,"no"
"898",2020-05-01,"EIOPA",129,"no"
"899",2020-06-01,"EIOPA",183,"no"
"900",2020-07-01,"EIOPA",349,"yes"
"901",2020-08-01,"EIOPA",89,"no"
"902",2020-09-01,"EIOPA",153,"no"
"903",2020-10-01,"EIOPA",172,"no"
"904",2020-11-01,"EIOPA",125,"no"
"905",2020-12-01,"EIOPA",263,"no"
"906",2021-01-01,"EIOPA",202,"no"
"907",2021-02-01,"EIOPA",357,"yes"
"908",2021-03-01,"EIOPA",210,"no"
"909",2021-04-01,"EIOPA",136,"no"
"910",2021-05-01,"EIOPA",302,"yes"
"911",2021-06-01,"EIOPA",146,"no"
"912",2015-07-01,"EMA",1194,"no"
"913",2015-08-01,"EMA",459,"no"
"914",2015-09-01,"EMA",666,"no"
"915",2015-10-01,"EMA",758,"no"
"916",2015-11-01,"EMA",795,"no"
"917",2015-12-01,"EMA",542,"no"
"918",2016-01-01,"EMA",851,"no"
"919",2016-02-01,"EMA",1093,"no"
"920",2016-03-01,"EMA",887,"no"
"921",2016-04-01,"EMA",896,"no"
"922",2016-05-01,"EMA",992,"no"
"923",2016-06-01,"EMA",1534,"no"
"924",2016-07-01,"EMA",1261,"no"
"925",2016-08-01,"EMA",1029,"no"
"926",2016-09-01,"EMA",1217,"no"
"927",2016-10-01,"EMA",1663,"no"
"928",2016-11-01,"EMA",1711,"no"
"929",2016-12-01,"EMA",1089,"no"
"930",2017-01-01,"EMA",1006,"no"
"931",2017-02-01,"EMA",1001,"no"
"932",2017-03-01,"EMA",1756,"no"
"933",2017-04-01,"EMA",2042,"no"
"934",2017-05-01,"EMA",2329,"no"
"935",2017-06-01,"EMA",2064,"no"
"936",2017-07-01,"EMA",2287,"no"
"937",2017-08-01,"EMA",2575,"no"
"938",2017-09-01,"EMA",2478,"no"
"939",2017-10-01,"EMA",2846,"no"
"940",2017-11-01,"EMA",9110,"no"
"941",2017-12-01,"EMA",1644,"no"
"942",2018-01-01,"EMA",2086,"no"
"943",2018-02-01,"EMA",1792,"no"
"944",2018-03-01,"EMA",2360,"no"
"945",2018-04-01,"EMA",1535,"no"
"946",2018-05-01,"EMA",1371,"no"
"947",2018-06-01,"EMA",1371,"no"
"948",2018-07-01,"EMA",1867,"no"
"949",2018-08-01,"EMA",1813,"no"
"950",2018-09-01,"EMA",1778,"no"
"951",2018-10-01,"EMA",1655,"no"
"952",2018-11-01,"EMA",2767,"no"
"953",2018-12-01,"EMA",2241,"no"
"954",2019-01-01,"EMA",12166,"no"
"955",2019-02-01,"EMA",1640,"no"
"956",2019-03-01,"EMA",7214,"no"
"957",2019-04-01,"EMA",2225,"no"
"958",2019-05-01,"EMA",1538,"no"
"959",2019-06-01,"EMA",1283,"no"
"960",2019-07-01,"EMA",1479,"no"
"961",2019-08-01,"EMA",1423,"no"
"962",2019-09-01,"EMA",1426,"no"
"963",2019-10-01,"EMA",3025,"no"
"964",2019-11-01,"EMA",3745,"no"
"965",2019-12-01,"EMA",1665,"no"
"966",2020-01-01,"EMA",1610,"no"
"967",2020-02-01,"EMA",3485,"no"
"968",2020-03-01,"EMA",8163,"no"
"969",2020-04-01,"EMA",18277,"yes"
"970",2020-05-01,"EMA",23012,"yes"
"971",2020-06-01,"EMA",20372,"yes"
"972",2020-07-01,"EMA",21616,"yes"
"973",2020-08-01,"EMA",17154,"yes"
"974",2020-09-01,"EMA",20073,"yes"
"975",2020-10-01,"EMA",26724,"yes"
"976",2020-11-01,"EMA",53115,"yes"
"977",2020-12-01,"EMA",89414,"yes"
"978",2021-01-01,"EMA",82796,"yes"
"979",2021-02-01,"EMA",38385,"yes"
"980",2021-03-01,"EMA",70006,"yes"
"981",2021-04-01,"EMA",34482,"yes"
"982",2021-05-01,"EMA",17372,"yes"
"983",2021-06-01,"EMA",10400,"no"
"984",2015-07-01,"EMCDDA",404,"no"
"985",2015-08-01,"EMCDDA",274,"no"
"986",2015-09-01,"EMCDDA",460,"no"
"987",2015-10-01,"EMCDDA",411,"no"
"988",2015-11-01,"EMCDDA",412,"no"
"989",2015-12-01,"EMCDDA",185,"no"
"990",2016-01-01,"EMCDDA",341,"no"
"991",2016-02-01,"EMCDDA",567,"no"
"992",2016-03-01,"EMCDDA",583,"no"
"993",2016-04-01,"EMCDDA",1205,"no"
"994",2016-05-01,"EMCDDA",1068,"no"
"995",2016-06-01,"EMCDDA",939,"no"
"996",2016-07-01,"EMCDDA",394,"no"
"997",2016-08-01,"EMCDDA",270,"no"
"998",2016-09-01,"EMCDDA",764,"no"
"999",2016-10-01,"EMCDDA",1231,"no"
"1000",2016-11-01,"EMCDDA",1727,"no"
"1001",2016-12-01,"EMCDDA",1453,"no"
"1002",2017-01-01,"EMCDDA",1519,"no"
"1003",2017-02-01,"EMCDDA",1268,"no"
"1004",2017-03-01,"EMCDDA",1794,"no"
"1005",2017-04-01,"EMCDDA",1747,"no"
"1006",2017-05-01,"EMCDDA",1040,"no"
"1007",2017-06-01,"EMCDDA",1911,"no"
"1008",2017-07-01,"EMCDDA",1421,"no"
"1009",2017-08-01,"EMCDDA",1020,"no"
"1010",2017-09-01,"EMCDDA",650,"no"
"1011",2017-10-01,"EMCDDA",1573,"no"
"1012",2017-11-01,"EMCDDA",1688,"no"
"1013",2017-12-01,"EMCDDA",668,"no"
"1014",2018-01-01,"EMCDDA",388,"no"
"1015",2018-02-01,"EMCDDA",436,"no"
"1016",2018-03-01,"EMCDDA",668,"no"
"1017",2018-04-01,"EMCDDA",409,"no"
"1018",2018-05-01,"EMCDDA",713,"no"
"1019",2018-06-01,"EMCDDA",1380,"no"
"1020",2018-07-01,"EMCDDA",622,"no"
"1021",2018-08-01,"EMCDDA",410,"no"
"1022",2018-09-01,"EMCDDA",371,"no"
"1023",2018-10-01,"EMCDDA",765,"no"
"1024",2018-11-01,"EMCDDA",759,"no"
"1025",2018-12-01,"EMCDDA",986,"no"
"1026",2019-01-01,"EMCDDA",681,"no"
"1027",2019-02-01,"EMCDDA",340,"no"
"1028",2019-03-01,"EMCDDA",776,"no"
"1029",2019-04-01,"EMCDDA",510,"no"
"1030",2019-05-01,"EMCDDA",538,"no"
"1031",2019-06-01,"EMCDDA",1684,"no"
"1032",2019-07-01,"EMCDDA",592,"no"
"1033",2019-08-01,"EMCDDA",320,"no"
"1034",2019-09-01,"EMCDDA",426,"no"
"1035",2019-10-01,"EMCDDA",1155,"no"
"1036",2019-11-01,"EMCDDA",1704,"no"
"1037",2019-12-01,"EMCDDA",748,"no"
"1038",2020-01-01,"EMCDDA",511,"no"
"1039",2020-02-01,"EMCDDA",506,"no"
"1040",2020-03-01,"EMCDDA",905,"no"
"1041",2020-04-01,"EMCDDA",795,"no"
"1042",2020-05-01,"EMCDDA",1165,"no"
"1043",2020-06-01,"EMCDDA",973,"no"
"1044",2020-07-01,"EMCDDA",509,"no"
"1045",2020-08-01,"EMCDDA",222,"no"
"1046",2020-09-01,"EMCDDA",1392,"no"
"1047",2020-10-01,"EMCDDA",613,"no"
"1048",2020-11-01,"EMCDDA",1173,"no"
"1049",2020-12-01,"EMCDDA",615,"no"
"1050",2021-01-01,"EMCDDA",512,"no"
"1051",2021-02-01,"EMCDDA",1352,"no"
"1052",2021-03-01,"EMCDDA",1472,"no"
"1053",2021-04-01,"EMCDDA",1443,"no"
"1054",2021-05-01,"EMCDDA",949,"no"
"1055",2021-06-01,"EMCDDA",1740,"no"
"1056",2015-07-01,"EMSA",43,"no"
"1057",2015-08-01,"EMSA",30,"no"
"1058",2015-09-01,"EMSA",76,"no"
"1059",2015-10-01,"EMSA",39,"no"
"1060",2015-11-01,"EMSA",94,"no"
"1061",2015-12-01,"EMSA",130,"no"
"1062",2016-01-01,"EMSA",87,"no"
"1063",2016-02-01,"EMSA",41,"no"
"1064",2016-03-01,"EMSA",74,"no"
"1065",2016-04-01,"EMSA",84,"no"
"1066",2016-05-01,"EMSA",81,"no"
"1067",2016-06-01,"EMSA",33,"no"
"1068",2016-07-01,"EMSA",59,"no"
"1069",2016-08-01,"EMSA",54,"no"
"1070",2016-09-01,"EMSA",63,"no"
"1071",2016-10-01,"EMSA",37,"no"
"1072",2016-11-01,"EMSA",79,"no"
"1073",2016-12-01,"EMSA",98,"no"
"1074",2017-01-01,"EMSA",98,"no"
"1075",2017-02-01,"EMSA",42,"no"
"1076",2017-03-01,"EMSA",100,"no"
"1077",2017-04-01,"EMSA",86,"no"
"1078",2017-05-01,"EMSA",209,"no"
"1079",2017-06-01,"EMSA",193,"no"
"1080",2017-07-01,"EMSA",55,"no"
"1081",2017-08-01,"EMSA",72,"no"
"1082",2017-09-01,"EMSA",164,"no"
"1083",2017-10-01,"EMSA",85,"no"
"1084",2017-11-01,"EMSA",340,"yes"
"1085",2017-12-01,"EMSA",85,"no"
"1086",2018-01-01,"EMSA",104,"no"
"1087",2018-02-01,"EMSA",231,"no"
"1088",2018-03-01,"EMSA",193,"no"
"1089",2018-04-01,"EMSA",128,"no"
"1090",2018-05-01,"EMSA",121,"no"
"1091",2018-06-01,"EMSA",117,"no"
"1092",2018-07-01,"EMSA",154,"no"
"1093",2018-08-01,"EMSA",102,"no"
"1094",2018-09-01,"EMSA",244,"no"
"1095",2018-10-01,"EMSA",283,"no"
"1096",2018-11-01,"EMSA",273,"no"
"1097",2018-12-01,"EMSA",234,"no"
"1098",2019-01-01,"EMSA",368,"no"
"1099",2019-02-01,"EMSA",293,"no"
"1100",2019-03-01,"EMSA",1733,"yes"
"1101",2019-04-01,"EMSA",506,"yes"
"1102",2019-05-01,"EMSA",310,"no"
"1103",2019-06-01,"EMSA",228,"no"
"1104",2019-07-01,"EMSA",215,"no"
"1105",2019-08-01,"EMSA",95,"no"
"1106",2019-09-01,"EMSA",542,"yes"
"1107",2019-10-01,"EMSA",422,"yes"
"1108",2019-11-01,"EMSA",214,"no"
"1109",2019-12-01,"EMSA",213,"no"
"1110",2020-01-01,"EMSA",92,"no"
"1111",2020-02-01,"EMSA",205,"no"
"1112",2020-03-01,"EMSA",215,"no"
"1113",2020-04-01,"EMSA",618,"yes"
"1114",2020-05-01,"EMSA",375,"no"
"1115",2020-06-01,"EMSA",308,"no"
"1116",2020-07-01,"EMSA",240,"no"
"1117",2020-08-01,"EMSA",337,"yes"
"1118",2020-09-01,"EMSA",500,"yes"
"1119",2020-10-01,"EMSA",169,"no"
"1120",2020-11-01,"EMSA",169,"no"
"1121",2020-12-01,"EMSA",133,"no"
"1122",2021-01-01,"EMSA",152,"no"
"1123",2021-02-01,"EMSA",174,"no"
"1124",2021-03-01,"EMSA",218,"no"
"1125",2021-04-01,"EMSA",220,"no"
"1126",2021-05-01,"EMSA",190,"no"
"1127",2021-06-01,"EMSA",273,"no"
"1128",2015-07-01,"ENISA",498,"no"
"1129",2015-08-01,"ENISA",633,"no"
"1130",2015-09-01,"ENISA",1109,"no"
"1131",2015-10-01,"ENISA",1259,"no"
"1132",2015-11-01,"ENISA",653,"no"
"1133",2015-12-01,"ENISA",1238,"no"
"1134",2016-01-01,"ENISA",1458,"no"
"1135",2016-02-01,"ENISA",1449,"no"
"1136",2016-03-01,"ENISA",795,"no"
"1137",2016-04-01,"ENISA",832,"no"
"1138",2016-05-01,"ENISA",1035,"no"
"1139",2016-06-01,"ENISA",834,"no"
"1140",2016-07-01,"ENISA",1026,"no"
"1141",2016-08-01,"ENISA",666,"no"
"1142",2016-09-01,"ENISA",921,"no"
"1143",2016-10-01,"ENISA",2065,"no"
"1144",2016-11-01,"ENISA",1575,"no"
"1145",2016-12-01,"ENISA",776,"no"
"1146",2017-01-01,"ENISA",1477,"no"
"1147",2017-02-01,"ENISA",1599,"no"
"1148",2017-03-01,"ENISA",1420,"no"
"1149",2017-04-01,"ENISA",643,"no"
"1150",2017-05-01,"ENISA",1397,"no"
"1151",2017-06-01,"ENISA",1178,"no"
"1152",2017-07-01,"ENISA",685,"no"
"1153",2017-08-01,"ENISA",866,"no"
"1154",2017-09-01,"ENISA",1952,"no"
"1155",2017-10-01,"ENISA",3935,"no"
"1156",2017-11-01,"ENISA",2532,"yes"
"1157",2017-12-01,"ENISA",845,"no"
"1158",2018-01-01,"ENISA",2464,"no"
"1159",2018-02-01,"ENISA",1452,"no"
"1160",2018-03-01,"ENISA",1691,"no"
"1161",2018-04-01,"ENISA",897,"no"
"1162",2018-05-01,"ENISA",1536,"no"
"1163",2018-06-01,"ENISA",2159,"no"
"1164",2018-07-01,"ENISA",1044,"no"
"1165",2018-08-01,"ENISA",766,"no"
"1166",2018-09-01,"ENISA",2065,"no"
"1167",2018-10-01,"ENISA",4705,"no"
"1168",2018-11-01,"ENISA",1696,"no"
"1169",2018-12-01,"ENISA",1553,"no"
"1170",2019-01-01,"ENISA",2082,"no"
"1171",2019-02-01,"ENISA",1464,"no"
"1172",2019-03-01,"ENISA",2116,"no"
"1173",2019-04-01,"ENISA",1510,"no"
"1174",2019-05-01,"ENISA",1357,"no"
"1175",2019-06-01,"ENISA",2892,"yes"
"1176",2019-07-01,"ENISA",1465,"no"
"1177",2019-08-01,"ENISA",879,"no"
"1178",2019-09-01,"ENISA",2328,"no"
"1179",2019-10-01,"ENISA",3633,"no"
"1180",2019-11-01,"ENISA",1640,"no"
"1181",2019-12-01,"ENISA",981,"no"
"1182",2020-01-01,"ENISA",1516,"no"
"1183",2020-02-01,"ENISA",1310,"no"
"1184",2020-03-01,"ENISA",1641,"no"
"1185",2020-04-01,"ENISA",1719,"no"
"1186",2020-05-01,"ENISA",1018,"no"
"1187",2020-06-01,"ENISA",1564,"no"
"1188",2020-07-01,"ENISA",1901,"no"
"1189",2020-08-01,"ENISA",570,"no"
"1190",2020-09-01,"ENISA",1805,"no"
"1191",2020-10-01,"ENISA",3134,"no"
"1192",2020-11-01,"ENISA",1641,"no"
"1193",2020-12-01,"ENISA",1849,"no"
"1194",2021-01-01,"ENISA",1379,"no"
"1195",2021-02-01,"ENISA",1888,"no"
"1196",2021-03-01,"ENISA",1716,"no"
"1197",2021-04-01,"ENISA",1011,"no"
"1198",2021-05-01,"ENISA",1424,"no"
"1199",2021-06-01,"ENISA",1359,"no"
"1200",2015-07-01,"ERA",38,"no"
"1201",2015-08-01,"ERA",19,"no"
"1202",2015-09-01,"ERA",175,"no"
"1203",2015-10-01,"ERA",11,"no"
"1204",2015-11-01,"ERA",246,"no"
"1205",2015-12-01,"ERA",45,"no"
"1206",2016-01-01,"ERA",33,"no"
"1207",2016-02-01,"ERA",101,"no"
"1208",2016-03-01,"ERA",105,"no"
"1209",2016-04-01,"ERA",74,"no"
"1210",2016-05-01,"ERA",226,"no"
"1211",2016-06-01,"ERA",211,"no"
"1212",2016-07-01,"ERA",168,"no"
"1213",2016-08-01,"ERA",1,"no"
"1214",2016-09-01,"ERA",263,"no"
"1215",2016-10-01,"ERA",69,"no"
"1216",2016-11-01,"ERA",120,"no"
"1217",2016-12-01,"ERA",86,"no"
"1218",2017-01-01,"ERA",47,"no"
"1219",2017-02-01,"ERA",145,"no"
"1220",2017-03-01,"ERA",249,"no"
"1221",2017-04-01,"ERA",119,"no"
"1222",2017-05-01,"ERA",165,"no"
"1223",2017-06-01,"ERA",258,"no"
"1224",2017-07-01,"ERA",103,"no"
"1225",2017-08-01,"ERA",35,"no"
"1226",2017-09-01,"ERA",32,"no"
"1227",2017-10-01,"ERA",71,"no"
"1228",2017-11-01,"ERA",247,"no"
"1229",2017-12-01,"ERA",146,"no"
"1230",2018-01-01,"ERA",50,"no"
"1231",2018-02-01,"ERA",110,"no"
"1232",2018-03-01,"ERA",85,"no"
"1233",2018-04-01,"ERA",285,"yes"
"1234",2018-05-01,"ERA",148,"no"
"1235",2018-06-01,"ERA",156,"no"
"1236",2018-07-01,"ERA",137,"no"
"1237",2018-08-01,"ERA",24,"no"
"1238",2018-09-01,"ERA",281,"no"
"1239",2018-10-01,"ERA",143,"no"
"1240",2018-11-01,"ERA",167,"no"
"1241",2018-12-01,"ERA",154,"no"
"1242",2019-01-01,"ERA",194,"no"
"1243",2019-02-01,"ERA",118,"no"
"1244",2019-03-01,"ERA",294,"no"
"1245",2019-04-01,"ERA",89,"no"
"1246",2019-05-01,"ERA",131,"no"
"1247",2019-06-01,"ERA",249,"no"
"1248",2019-07-01,"ERA",91,"no"
"1249",2019-08-01,"ERA",102,"no"
"1250",2019-09-01,"ERA",169,"no"
"1251",2019-10-01,"ERA",524,"yes"
"1252",2019-11-01,"ERA",138,"no"
"1253",2019-12-01,"ERA",92,"no"
"1254",2020-01-01,"ERA",54,"no"
"1255",2020-02-01,"ERA",164,"no"
"1256",2020-03-01,"ERA",233,"no"
"1257",2020-04-01,"ERA",172,"no"
"1258",2020-05-01,"ERA",170,"no"
"1259",2020-06-01,"ERA",247,"no"
"1260",2020-07-01,"ERA",244,"no"
"1261",2020-08-01,"ERA",39,"no"
"1262",2020-09-01,"ERA",102,"no"
"1263",2020-10-01,"ERA",150,"no"
"1264",2020-11-01,"ERA",193,"no"
"1265",2020-12-01,"ERA",167,"no"
"1266",2021-01-01,"ERA",188,"no"
"1267",2021-02-01,"ERA",153,"no"
"1268",2021-03-01,"ERA",388,"no"
"1269",2021-04-01,"ERA",281,"no"
"1270",2021-05-01,"ERA",305,"no"
"1271",2021-06-01,"ERA",347,"no"
"1272",2015-07-01,"ESMA",448,"no"
"1273",2015-08-01,"ESMA",263,"no"
"1274",2015-09-01,"ESMA",561,"no"
"1275",2015-10-01,"ESMA",615,"no"
"1276",2015-11-01,"ESMA",721,"no"
"1277",2015-12-01,"ESMA",536,"no"
"1278",2016-01-01,"ESMA",1281,"no"
"1279",2016-02-01,"ESMA",1934,"yes"
"1280",2016-03-01,"ESMA",962,"no"
"1281",2016-04-01,"ESMA",1498,"yes"
"1282",2016-05-01,"ESMA",1163,"yes"
"1283",2016-06-01,"ESMA",972,"no"
"1284",2016-07-01,"ESMA",991,"no"
"1285",2016-08-01,"ESMA",774,"no"
"1286",2016-09-01,"ESMA",736,"no"
"1287",2016-10-01,"ESMA",819,"no"
"1288",2016-11-01,"ESMA",547,"no"
"1289",2016-12-01,"ESMA",684,"no"
"1290",2017-01-01,"ESMA",941,"no"
"1291",2017-02-01,"ESMA",824,"no"
"1292",2017-03-01,"ESMA",666,"no"
"1293",2017-04-01,"ESMA",684,"no"
"1294",2017-05-01,"ESMA",610,"no"
"1295",2017-06-01,"ESMA",833,"no"
"1296",2017-07-01,"ESMA",682,"no"
"1297",2017-08-01,"ESMA",226,"no"
"1298",2017-09-01,"ESMA",731,"no"
"1299",2017-10-01,"ESMA",798,"no"
"1300",2017-11-01,"ESMA",857,"no"
"1301",2017-12-01,"ESMA",1155,"no"
"1302",2018-01-01,"ESMA",1051,"no"
"1303",2018-02-01,"ESMA",1195,"no"
"1304",2018-03-01,"ESMA",1023,"no"
"1305",2018-04-01,"ESMA",621,"no"
"1306",2018-05-01,"ESMA",379,"no"
"1307",2018-06-01,"ESMA",723,"no"
"1308",2018-07-01,"ESMA",568,"no"
"1309",2018-08-01,"ESMA",325,"no"
"1310",2018-09-01,"ESMA",331,"no"
"1311",2018-10-01,"ESMA",1302,"yes"
"1312",2018-11-01,"ESMA",582,"no"
"1313",2018-12-01,"ESMA",406,"no"
"1314",2019-01-01,"ESMA",1062,"no"
"1315",2019-02-01,"ESMA",857,"no"
"1316",2019-03-01,"ESMA",756,"no"
"1317",2019-04-01,"ESMA",384,"no"
"1318",2019-05-01,"ESMA",402,"no"
"1319",2019-06-01,"ESMA",595,"no"
"1320",2019-07-01,"ESMA",497,"no"
"1321",2019-08-01,"ESMA",152,"no"
"1322",2019-09-01,"ESMA",280,"no"
"1323",2019-10-01,"ESMA",309,"no"
"1324",2019-11-01,"ESMA",344,"no"
"1325",2019-12-01,"ESMA",458,"no"
"1326",2020-01-01,"ESMA",392,"no"
"1327",2020-02-01,"ESMA",504,"no"
"1328",2020-03-01,"ESMA",672,"no"
"1329",2020-04-01,"ESMA",438,"no"
"1330",2020-05-01,"ESMA",393,"no"
"1331",2020-06-01,"ESMA",835,"no"
"1332",2020-07-01,"ESMA",1296,"yes"
"1333",2020-08-01,"ESMA",451,"no"
"1334",2020-09-01,"ESMA",869,"no"
"1335",2020-10-01,"ESMA",654,"no"
"1336",2020-11-01,"ESMA",965,"no"
"1337",2020-12-01,"ESMA",672,"no"
"1338",2021-01-01,"ESMA",16619,"yes"
"1339",2021-02-01,"ESMA",1997,"yes"
"1340",2021-03-01,"ESMA",2241,"yes"
"1341",2021-04-01,"ESMA",799,"no"
"1342",2021-05-01,"ESMA",607,"no"
"1343",2021-06-01,"ESMA",655,"no"
"1344",2015-07-01,"EU-OSHA",483,"no"
"1345",2015-08-01,"EU-OSHA",876,"no"
"1346",2015-09-01,"EU-OSHA",865,"no"
"1347",2015-10-01,"EU-OSHA",1344,"no"
"1348",2015-11-01,"EU-OSHA",1254,"no"
"1349",2015-12-01,"EU-OSHA",386,"no"
"1350",2016-01-01,"EU-OSHA",491,"no"
"1351",2016-02-01,"EU-OSHA",469,"no"
"1352",2016-03-01,"EU-OSHA",718,"no"
"1353",2016-04-01,"EU-OSHA",1203,"no"
"1354",2016-05-01,"EU-OSHA",1013,"no"
"1355",2016-06-01,"EU-OSHA",715,"no"
"1356",2016-07-01,"EU-OSHA",600,"no"
"1357",2016-08-01,"EU-OSHA",482,"no"
"1358",2016-09-01,"EU-OSHA",648,"no"
"1359",2016-10-01,"EU-OSHA",1379,"no"
"1360",2016-11-01,"EU-OSHA",715,"no"
"1361",2016-12-01,"EU-OSHA",537,"no"
"1362",2017-01-01,"EU-OSHA",589,"no"
"1363",2017-02-01,"EU-OSHA",550,"no"
"1364",2017-03-01,"EU-OSHA",1132,"no"
"1365",2017-04-01,"EU-OSHA",852,"no"
"1366",2017-05-01,"EU-OSHA",893,"no"
"1367",2017-06-01,"EU-OSHA",755,"no"
"1368",2017-07-01,"EU-OSHA",785,"no"
"1369",2017-08-01,"EU-OSHA",599,"no"
"1370",2017-09-01,"EU-OSHA",1434,"yes"
"1371",2017-10-01,"EU-OSHA",1557,"no"
"1372",2017-11-01,"EU-OSHA",1694,"no"
"1373",2017-12-01,"EU-OSHA",442,"no"
"1374",2018-01-01,"EU-OSHA",768,"no"
"1375",2018-02-01,"EU-OSHA",825,"no"
"1376",2018-03-01,"EU-OSHA",774,"no"
"1377",2018-04-01,"EU-OSHA",1213,"no"
"1378",2018-05-01,"EU-OSHA",1227,"no"
"1379",2018-06-01,"EU-OSHA",1060,"no"
"1380",2018-07-01,"EU-OSHA",884,"no"
"1381",2018-08-01,"EU-OSHA",615,"no"
"1382",2018-09-01,"EU-OSHA",834,"no"
"1383",2018-10-01,"EU-OSHA",1442,"no"
"1384",2018-11-01,"EU-OSHA",1149,"no"
"1385",2018-12-01,"EU-OSHA",631,"no"
"1386",2019-01-01,"EU-OSHA",623,"no"
"1387",2019-02-01,"EU-OSHA",711,"no"
"1388",2019-03-01,"EU-OSHA",892,"no"
"1389",2019-04-01,"EU-OSHA",740,"no"
"1390",2019-05-01,"EU-OSHA",894,"no"
"1391",2019-06-01,"EU-OSHA",802,"no"
"1392",2019-07-01,"EU-OSHA",563,"no"
"1393",2019-08-01,"EU-OSHA",698,"no"
"1394",2019-09-01,"EU-OSHA",799,"no"
"1395",2019-10-01,"EU-OSHA",1667,"no"
"1396",2019-11-01,"EU-OSHA",1443,"no"
"1397",2019-12-01,"EU-OSHA",450,"no"
"1398",2020-01-01,"EU-OSHA",472,"no"
"1399",2020-02-01,"EU-OSHA",397,"no"
"1400",2020-03-01,"EU-OSHA",598,"no"
"1401",2020-04-01,"EU-OSHA",1995,"yes"
"1402",2020-05-01,"EU-OSHA",856,"no"
"1403",2020-06-01,"EU-OSHA",505,"no"
"1404",2020-07-01,"EU-OSHA",401,"no"
"1405",2020-08-01,"EU-OSHA",479,"no"
"1406",2020-09-01,"EU-OSHA",570,"no"
"1407",2020-10-01,"EU-OSHA",1726,"no"
"1408",2020-11-01,"EU-OSHA",876,"no"
"1409",2020-12-01,"EU-OSHA",641,"no"
"1410",2021-01-01,"EU-OSHA",635,"no"
"1411",2021-02-01,"EU-OSHA",767,"no"
"1412",2021-03-01,"EU-OSHA",1685,"yes"
"1413",2021-04-01,"EU-OSHA",838,"no"
"1414",2021-05-01,"EU-OSHA",696,"no"
"1415",2021-06-01,"EU-OSHA",617,"no"
"1416",2016-03-01,"EUIPO",414,"no"
"1417",2016-04-01,"EUIPO",1260,"no"
"1418",2016-05-01,"EUIPO",853,"no"
"1419",2016-06-01,"EUIPO",908,"no"
"1420",2016-07-01,"EUIPO",968,"no"
"1421",2016-08-01,"EUIPO",244,"no"
"1422",2016-09-01,"EUIPO",645,"no"
"1423",2016-10-01,"EUIPO",800,"no"
"1424",2016-11-01,"EUIPO",798,"no"
"1425",2016-12-01,"EUIPO",1052,"no"
"1426",2017-01-01,"EUIPO",597,"no"
"1427",2017-02-01,"EUIPO",639,"no"
"1428",2017-03-01,"EUIPO",1072,"no"
"1429",2017-04-01,"EUIPO",572,"no"
"1430",2017-05-01,"EUIPO",946,"no"
"1431",2017-06-01,"EUIPO",1276,"no"
"1432",2017-07-01,"EUIPO",1035,"no"
"1433",2017-08-01,"EUIPO",899,"no"
"1434",2017-09-01,"EUIPO",1067,"no"
"1435",2017-10-01,"EUIPO",1204,"no"
"1436",2017-11-01,"EUIPO",1557,"no"
"1437",2017-12-01,"EUIPO",1084,"no"
"1438",2018-01-01,"EUIPO",1157,"no"
"1439",2018-02-01,"EUIPO",954,"no"
"1440",2018-03-01,"EUIPO",1212,"no"
"1441",2018-04-01,"EUIPO",1373,"no"
"1442",2018-05-01,"EUIPO",1451,"no"
"1443",2018-06-01,"EUIPO",1778,"no"
"1444",2018-07-01,"EUIPO",1141,"no"
"1445",2018-08-01,"EUIPO",971,"no"
"1446",2018-09-01,"EUIPO",1068,"no"
"1447",2018-10-01,"EUIPO",1289,"no"
"1448",2018-11-01,"EUIPO",1028,"no"
"1449",2018-12-01,"EUIPO",662,"no"
"1450",2019-01-01,"EUIPO",1124,"no"
"1451",2019-02-01,"EUIPO",1079,"no"
"1452",2019-03-01,"EUIPO",1654,"no"
"1453",2019-04-01,"EUIPO",1507,"no"
"1454",2019-05-01,"EUIPO",1694,"no"
"1455",2019-06-01,"EUIPO",2135,"no"
"1456",2019-07-01,"EUIPO",1421,"no"
"1457",2019-08-01,"EUIPO",974,"no"
"1458",2019-09-01,"EUIPO",1400,"no"
"1459",2019-10-01,"EUIPO",1576,"no"
"1460",2019-11-01,"EUIPO",1395,"no"
"1461",2019-12-01,"EUIPO",840,"no"
"1462",2020-01-01,"EUIPO",1093,"no"
"1463",2020-02-01,"EUIPO",991,"no"
"1464",2020-03-01,"EUIPO",2142,"no"
"1465",2020-04-01,"EUIPO",1244,"no"
"1466",2020-05-01,"EUIPO",1025,"no"
"1467",2020-06-01,"EUIPO",1172,"no"
"1468",2020-07-01,"EUIPO",951,"no"
"1469",2020-08-01,"EUIPO",755,"no"
"1470",2020-09-01,"EUIPO",1217,"no"
"1471",2020-10-01,"EUIPO",1045,"no"
"1472",2020-11-01,"EUIPO",1127,"no"
"1473",2020-12-01,"EUIPO",875,"no"
"1474",2021-01-01,"EUIPO",1334,"no"
"1475",2021-02-01,"EUIPO",1578,"no"
"1476",2021-03-01,"EUIPO",1043,"no"
"1477",2021-04-01,"EUIPO",1244,"no"
"1478",2021-05-01,"EUIPO",917,"no"
"1479",2021-06-01,"EUIPO",1087,"no"
"1480",2015-07-01,"EUROFOUND",400,"no"
"1481",2015-08-01,"EUROFOUND",148,"no"
"1482",2015-09-01,"EUROFOUND",464,"no"
"1483",2015-10-01,"EUROFOUND",270,"no"
"1484",2015-11-01,"EUROFOUND",865,"no"
"1485",2015-12-01,"EUROFOUND",407,"no"
"1486",2016-01-01,"EUROFOUND",243,"no"
"1487",2016-02-01,"EUROFOUND",491,"no"
"1488",2016-03-01,"EUROFOUND",324,"no"
"1489",2016-04-01,"EUROFOUND",293,"no"
"1490",2016-05-01,"EUROFOUND",342,"no"
"1491",2016-06-01,"EUROFOUND",430,"no"
"1492",2016-07-01,"EUROFOUND",264,"no"
"1493",2016-08-01,"EUROFOUND",240,"no"
"1494",2016-09-01,"EUROFOUND",369,"no"
"1495",2016-10-01,"EUROFOUND",586,"no"
"1496",2016-11-01,"EUROFOUND",861,"no"
"1497",2016-12-01,"EUROFOUND",342,"no"
"1498",2017-01-01,"EUROFOUND",282,"no"
"1499",2017-02-01,"EUROFOUND",598,"no"
"1500",2017-03-01,"EUROFOUND",421,"no"
"1501",2017-04-01,"EUROFOUND",290,"no"
"1502",2017-05-01,"EUROFOUND",423,"no"
"1503",2017-06-01,"EUROFOUND",607,"no"
"1504",2017-07-01,"EUROFOUND",262,"no"
"1505",2017-08-01,"EUROFOUND",298,"no"
"1506",2017-09-01,"EUROFOUND",548,"no"
"1507",2017-10-01,"EUROFOUND",476,"no"
"1508",2017-11-01,"EUROFOUND",1153,"no"
"1509",2017-12-01,"EUROFOUND",833,"no"
"1510",2018-01-01,"EUROFOUND",454,"no"
"1511",2018-02-01,"EUROFOUND",450,"no"
"1512",2018-03-01,"EUROFOUND",719,"no"
"1513",2018-04-01,"EUROFOUND",639,"no"
"1514",2018-05-01,"EUROFOUND",410,"no"
"1515",2018-06-01,"EUROFOUND",704,"no"
"1516",2018-07-01,"EUROFOUND",398,"no"
"1517",2018-08-01,"EUROFOUND",267,"no"
"1518",2018-09-01,"EUROFOUND",717,"no"
"1519",2018-10-01,"EUROFOUND",995,"no"
"1520",2018-11-01,"EUROFOUND",640,"no"
"1521",2018-12-01,"EUROFOUND",551,"no"
"1522",2019-01-01,"EUROFOUND",335,"no"
"1523",2019-02-01,"EUROFOUND",708,"no"
"1524",2019-03-01,"EUROFOUND",481,"no"
"1525",2019-04-01,"EUROFOUND",502,"no"
"1526",2019-05-01,"EUROFOUND",918,"no"
"1527",2019-06-01,"EUROFOUND",463,"no"
"1528",2019-07-01,"EUROFOUND",445,"no"
"1529",2019-08-01,"EUROFOUND",244,"no"
"1530",2019-09-01,"EUROFOUND",577,"no"
"1531",2019-10-01,"EUROFOUND",794,"no"
"1532",2019-11-01,"EUROFOUND",608,"no"
"1533",2019-12-01,"EUROFOUND",480,"no"
"1534",2020-01-01,"EUROFOUND",480,"no"
"1535",2020-02-01,"EUROFOUND",427,"no"
"1536",2020-03-01,"EUROFOUND",662,"no"
"1537",2020-04-01,"EUROFOUND",1084,"yes"
"1538",2020-05-01,"EUROFOUND",1524,"yes"
"1539",2020-06-01,"EUROFOUND",747,"no"
"1540",2020-07-01,"EUROFOUND",639,"no"
"1541",2020-08-01,"EUROFOUND",184,"no"
"1542",2020-09-01,"EUROFOUND",620,"no"
"1543",2020-10-01,"EUROFOUND",1064,"no"
"1544",2020-11-01,"EUROFOUND",400,"no"
"1545",2020-12-01,"EUROFOUND",400,"no"
"1546",2021-01-01,"EUROFOUND",210,"no"
"1547",2021-02-01,"EUROFOUND",684,"no"
"1548",2021-03-01,"EUROFOUND",730,"no"
"1549",2021-04-01,"EUROFOUND",1236,"yes"
"1550",2021-05-01,"EUROFOUND",769,"no"
"1551",2021-06-01,"EUROFOUND",394,"no"
"1552",2015-07-01,"FRA",352,"no"
"1553",2015-08-01,"FRA",704,"no"
"1554",2015-09-01,"FRA",1332,"no"
"1555",2015-10-01,"FRA",1166,"no"
"1556",2015-11-01,"FRA",1205,"no"
"1557",2015-12-01,"FRA",1438,"no"
"1558",2016-01-01,"FRA",1520,"no"
"1559",2016-02-01,"FRA",1292,"no"
"1560",2016-03-01,"FRA",1203,"no"
"1561",2016-04-01,"FRA",1451,"no"
"1562",2016-05-01,"FRA",1151,"no"
"1563",2016-06-01,"FRA",2106,"no"
"1564",2016-07-01,"FRA",918,"no"
"1565",2016-08-01,"FRA",1576,"no"
"1566",2016-09-01,"FRA",1716,"no"
"1567",2016-10-01,"FRA",2254,"no"
"1568",2016-11-01,"FRA",3004,"no"
"1569",2016-12-01,"FRA",2341,"no"
"1570",2017-01-01,"FRA",1150,"no"
"1571",2017-02-01,"FRA",2453,"no"
"1572",2017-03-01,"FRA",3005,"no"
"1573",2017-04-01,"FRA",2307,"no"
"1574",2017-05-01,"FRA",1995,"no"
"1575",2017-06-01,"FRA",2690,"no"
"1576",2017-07-01,"FRA",1566,"no"
"1577",2017-08-01,"FRA",1162,"no"
"1578",2017-09-01,"FRA",4233,"no"
"1579",2017-10-01,"FRA",3011,"no"
"1580",2017-11-01,"FRA",4968,"no"
"1581",2017-12-01,"FRA",6874,"yes"
"1582",2018-01-01,"FRA",6019,"yes"
"1583",2018-02-01,"FRA",4736,"no"
"1584",2018-03-01,"FRA",7210,"yes"
"1585",2018-04-01,"FRA",6324,"yes"
"1586",2018-05-01,"FRA",6182,"yes"
"1587",2018-06-01,"FRA",6710,"yes"
"1588",2018-07-01,"FRA",4602,"no"
"1589",2018-08-01,"FRA",5106,"no"
"1590",2018-09-01,"FRA",5584,"no"
"1591",2018-10-01,"FRA",3852,"no"
"1592",2018-11-01,"FRA",3956,"no"
"1593",2018-12-01,"FRA",5526,"no"
"1594",2019-01-01,"FRA",3772,"no"
"1595",2019-02-01,"FRA",4106,"no"
"1596",2019-03-01,"FRA",3594,"no"
"1597",2019-04-01,"FRA",5312,"no"
"1598",2019-05-01,"FRA",9068,"no"
"1599",2019-06-01,"FRA",4242,"no"
"1600",2019-07-01,"FRA",3168,"no"
"1601",2019-08-01,"FRA",4141,"no"
"1602",2019-09-01,"FRA",4338,"no"
"1603",2019-10-01,"FRA",10255,"yes"
"1604",2019-11-01,"FRA",9321,"no"
"1605",2019-12-01,"FRA",4363,"no"
"1606",2020-01-01,"FRA",4633,"no"
"1607",2020-02-01,"FRA",5547,"no"
"1608",2020-03-01,"FRA",6509,"no"
"1609",2020-04-01,"FRA",5220,"no"
"1610",2020-05-01,"FRA",8386,"no"
"1611",2020-06-01,"FRA",7724,"no"
"1612",2020-07-01,"FRA",7618,"no"
"1613",2020-08-01,"FRA",5056,"no"
"1614",2020-09-01,"FRA",13522,"yes"
"1615",2020-10-01,"FRA",12766,"yes"
"1616",2020-11-01,"FRA",9643,"no"
"1617",2020-12-01,"FRA",11248,"yes"
"1618",2021-01-01,"FRA",29721,"yes"
"1619",2021-02-01,"FRA",25664,"yes"
"1620",2021-03-01,"FRA",15947,"yes"
"1621",2021-04-01,"FRA",8927,"no"
"1622",2021-05-01,"FRA",18461,"yes"
"1623",2021-06-01,"FRA",7459,"no"
"1624",2015-07-01,"FRONTEX",27,"no"
"1625",2015-08-01,"FRONTEX",15,"no"
"1626",2015-09-01,"FRONTEX",34,"no"
"1627",2015-10-01,"FRONTEX",77,"no"
"1628",2015-11-01,"FRONTEX",379,"no"
"1629",2015-12-01,"FRONTEX",1951,"no"
"1630",2016-01-01,"FRONTEX",1254,"no"
"1631",2016-02-01,"FRONTEX",1198,"no"
"1632",2016-03-01,"FRONTEX",1742,"no"
"1633",2016-04-01,"FRONTEX",2095,"no"
"1634",2016-05-01,"FRONTEX",2022,"no"
"1635",2016-06-01,"FRONTEX",836,"no"
"1636",2016-07-01,"FRONTEX",803,"no"
"1637",2016-08-01,"FRONTEX",1206,"no"
"1638",2016-09-01,"FRONTEX",1004,"no"
"1639",2016-10-01,"FRONTEX",2179,"no"
"1640",2016-11-01,"FRONTEX",606,"no"
"1641",2016-12-01,"FRONTEX",1952,"no"
"1642",2017-01-01,"FRONTEX",2283,"no"
"1643",2017-02-01,"FRONTEX",1863,"no"
"1644",2017-03-01,"FRONTEX",1781,"no"
"1645",2017-04-01,"FRONTEX",3544,"no"
"1646",2017-05-01,"FRONTEX",3464,"no"
"1647",2017-06-01,"FRONTEX",1663,"no"
"1648",2017-07-01,"FRONTEX",1432,"no"
"1649",2017-08-01,"FRONTEX",1612,"no"
"1650",2017-09-01,"FRONTEX",1067,"no"
"1651",2017-10-01,"FRONTEX",1002,"no"
"1652",2017-11-01,"FRONTEX",2121,"no"
"1653",2017-12-01,"FRONTEX",2197,"no"
"1654",2018-01-01,"FRONTEX",5628,"yes"
"1655",2018-02-01,"FRONTEX",4594,"yes"
"1656",2018-03-01,"FRONTEX",978,"no"
"1657",2018-04-01,"FRONTEX",823,"no"
"1658",2018-05-01,"FRONTEX",2065,"no"
"1659",2018-06-01,"FRONTEX",2055,"no"
"1660",2018-07-01,"FRONTEX",1846,"no"
"1661",2018-08-01,"FRONTEX",1654,"no"
"1662",2018-09-01,"FRONTEX",1885,"no"
"1663",2018-10-01,"FRONTEX",2695,"no"
"1664",2018-11-01,"FRONTEX",2145,"no"
"1665",2018-12-01,"FRONTEX",999,"no"
"1666",2019-01-01,"FRONTEX",1006,"no"
"1667",2019-02-01,"FRONTEX",1472,"no"
"1668",2019-03-01,"FRONTEX",1099,"no"
"1669",2019-04-01,"FRONTEX",1954,"no"
"1670",2019-05-01,"FRONTEX",2040,"no"
"1671",2019-06-01,"FRONTEX",7704,"yes"
"1672",2019-07-01,"FRONTEX",2420,"no"
"1673",2019-08-01,"FRONTEX",3831,"no"
"1674",2019-09-01,"FRONTEX",1352,"no"
"1675",2019-10-01,"FRONTEX",4166,"no"
"1676",2019-11-01,"FRONTEX",2131,"no"
"1677",2019-12-01,"FRONTEX",1232,"no"
"1678",2020-01-01,"FRONTEX",1154,"no"
"1679",2020-02-01,"FRONTEX",6685,"yes"
"1680",2020-03-01,"FRONTEX",13592,"yes"
"1681",2020-04-01,"FRONTEX",9365,"yes"
"1682",2020-05-01,"FRONTEX",1823,"no"
"1683",2020-06-01,"FRONTEX",4631,"no"
"1684",2020-07-01,"FRONTEX",2474,"no"
"1685",2020-08-01,"FRONTEX",2122,"no"
"1686",2020-09-01,"FRONTEX",2169,"no"
"1687",2020-10-01,"FRONTEX",5510,"yes"
"1688",2020-11-01,"FRONTEX",7693,"yes"
"1689",2020-12-01,"FRONTEX",9161,"yes"
"1690",2021-01-01,"FRONTEX",14091,"yes"
"1691",2021-02-01,"FRONTEX",6561,"yes"
"1692",2021-03-01,"FRONTEX",3878,"no"
"1693",2021-04-01,"FRONTEX",8122,"yes"
"1694",2021-05-01,"FRONTEX",8468,"yes"
"1695",2021-06-01,"FRONTEX",9063,"yes"
"1696",2015-07-01,"SRB",10,"no"
"1697",2015-08-01,"SRB",1,"no"
"1698",2015-09-01,"SRB",14,"no"
"1699",2015-10-01,"SRB",30,"no"
"1700",2015-11-01,"SRB",114,"no"
"1701",2015-12-01,"SRB",139,"no"
"1702",2016-01-01,"SRB",121,"no"
"1703",2016-02-01,"SRB",64,"no"
"1704",2016-03-01,"SRB",15,"no"
"1705",2016-04-01,"SRB",121,"no"
"1706",2016-05-01,"SRB",35,"no"
"1707",2016-06-01,"SRB",8,"no"
"1708",2016-07-01,"SRB",44,"no"
"1709",2016-08-01,"SRB",27,"no"
"1710",2016-09-01,"SRB",33,"no"
"1711",2016-10-01,"SRB",23,"no"
"1712",2016-11-01,"SRB",31,"no"
"1713",2016-12-01,"SRB",52,"no"
"1714",2017-01-01,"SRB",60,"no"
"1715",2017-02-01,"SRB",35,"no"
"1716",2017-03-01,"SRB",19,"no"
"1717",2017-04-01,"SRB",12,"no"
"1718",2017-05-01,"SRB",7,"no"
"1719",2017-06-01,"SRB",631,"yes"
"1720",2017-07-01,"SRB",730,"yes"
"1721",2017-08-01,"SRB",294,"no"
"1722",2017-09-01,"SRB",219,"no"
"1723",2017-10-01,"SRB",86,"no"
"1724",2017-11-01,"SRB",55,"no"
"1725",2017-12-01,"SRB",159,"no"
"1726",2018-01-01,"SRB",135,"no"
"1727",2018-02-01,"SRB",391,"no"
"1728",2018-03-01,"SRB",1028,"yes"
"1729",2018-04-01,"SRB",1377,"yes"
"1730",2018-05-01,"SRB",519,"no"
"1731",2018-06-01,"SRB",398,"no"
"1732",2018-07-01,"SRB",305,"no"
"1733",2018-08-01,"SRB",476,"no"
"1734",2018-09-01,"SRB",993,"no"
"1735",2018-10-01,"SRB",1525,"yes"
"1736",2018-11-01,"SRB",2003,"yes"
"1737",2018-12-01,"SRB",1288,"yes"
"1738",2019-01-01,"SRB",1430,"yes"
"1739",2019-02-01,"SRB",669,"no"
"1740",2019-03-01,"SRB",1484,"yes"
"1741",2019-04-01,"SRB",1122,"no"
"1742",2019-05-01,"SRB",360,"no"
"1743",2019-06-01,"SRB",550,"no"
"1744",2019-07-01,"SRB",520,"no"
"1745",2019-08-01,"SRB",1273,"yes"
"1746",2019-09-01,"SRB",470,"no"
"1747",2019-10-01,"SRB",812,"no"
"1748",2019-11-01,"SRB",834,"no"
"1749",2019-12-01,"SRB",2271,"yes"
"1750",2020-01-01,"SRB",1257,"no"
"1751",2020-02-01,"SRB",2118,"yes"
"1752",2020-03-01,"SRB",1230,"no"
"1753",2020-04-01,"SRB",685,"no"
"1754",2020-05-01,"SRB",583,"no"
"1755",2020-06-01,"SRB",2521,"yes"
"1756",2020-07-01,"SRB",1190,"yes"
"1757",2020-08-01,"SRB",556,"no"
"1758",2020-09-01,"SRB",416,"no"
"1759",2020-10-01,"SRB",656,"no"
"1760",2020-11-01,"SRB",387,"no"
"1761",2020-12-01,"SRB",273,"no"
"1762",2021-01-01,"SRB",486,"no"
"1763",2021-02-01,"SRB",399,"no"
"1764",2021-03-01,"SRB",342,"no"
"1765",2021-04-01,"SRB",249,"no"
"1766",2021-05-01,"SRB",583,"no"
"1767",2021-06-01,"SRB",654,"no"
